person_id,qualified
person_0,True
person_1,False
person_2,False
person_3,False
person_4,True
person_5,False
person_6,False
person_7,False
person_8,False
person_9,True
person_10,True
person_11,False
person_12,True
person_13,False
person_14,False
person_15,False
person_16,False
person_17,True
person_18,False
person_19,False
person_20,True
person_21,True
person_22,False
person_23,False
person_24,True
person_25,False
person_26,False
person_27,False
person_28,True
person_29,False
person_30,False
person_31,False
person_32,True
person_33,False
person_34,True
person_35,True
person_36,False
person_37,False
person_38,False
person_39,False
person_40,True
person_41,True
person_42,False
person_43,True
person_44,True
person_45,False
person_46,False
person_47,False
person_48,False
person_49,True
person_50,False
person_51,False
person_52,True
person_53,True
person_54,True
person_55,False
person_56,False
person_57,True
person_58,False
person_59,False
person_60,False
person_61,False
person_62,False
person_63,True
person_64,False
person_65,False
person_66,False
person_67,True
person_68,False
person_69,True
person_70,False
person_71,False
person_72,False
person_73,False
person_74,False
person_75,True
person_76,False
person_77,False
person_78,False
person_79,True
person_80,True
person_81,True
person_82,False
person_83,True
person_84,False
person_85,False
person_86,False
person_87,False
person_88,False
person_89,False
person_90,False
person_91,True
person_92,False
person_93,False
person_94,False
person_95,False
person_96,False
person_97,False
person_98,False
person_99,False
person_100,True
person_101,False
person_102,True
person_103,False
person_104,False
person_105,False
person_106,False
person_107,True
person_108,True
person_109,False
person_110,False
person_111,False
person_112,False
person_113,False
person_114,True
person_115,False
person_116,False
person_117,False
person_118,False
person_119,False
person_120,False
person_121,True
person_122,False
person_123,False
person_124,False
person_125,False
person_126,True
person_127,False
person_128,True
person_129,False
person_130,False
person_131,False
person_132,False
person_133,False
person_134,False
person_135,True
person_136,False
person_137,True
person_138,True
person_139,True
person_140,False
person_141,True
person_142,False
person_143,False
person_144,False
person_145,True
person_146,True
person_147,True
person_148,False
person_149,False
person_150,False
person_151,True
person_152,False
person_153,False
person_154,True
person_155,False
person_156,False
person_157,False
person_158,True
person_159,False
person_160,True
person_161,False
person_162,True
person_163,True
person_164,False
person_165,False
person_166,False
person_167,False
person_168,True
person_169,False
person_170,False
person_171,False
person_172,False
person_173,False
person_174,True
person_175,True
person_176,True
person_177,False
person_178,True
person_179,False
person_180,True
person_181,True
person_182,True
person_183,False
person_184,False
person_185,False
person_186,False
person_187,True
person_188,False
person_189,False
person_190,True
person_191,False
person_192,False
person_193,True
person_194,False
person_195,False
person_196,False
person_197,False
person_198,True
person_199,False
person_200,False
person_201,True
person_202,False
person_203,False
person_204,False
person_205,False
person_206,True
person_207,False
person_208,False
person_209,True
person_210,False
person_211,False
person_212,False
person_213,True
person_214,True
person_215,True
person_216,True
person_217,True
person_218,False
person_219,False
person_220,False
person_221,False
person_222,False
person_223,False
person_224,False
person_225,False
person_226,True
person_227,False
person_228,True
person_229,False
person_230,False
person_231,True
person_232,False
person_233,False
person_234,False
person_235,False
person_236,False
person_237,False
person_238,True
person_239,True
person_240,False
person_241,False
person_242,False
person_243,False
person_244,False
person_245,False
person_246,True
person_247,True
person_248,False
person_249,False
person_250,True
person_251,False
person_252,False
person_253,True
person_254,False
person_255,False
person_256,False
person_257,True
person_258,False
person_259,False
person_260,True
person_261,True
person_262,False
person_263,True
person_264,False
person_265,True
person_266,False
person_267,False
person_268,False
person_269,False
person_270,False
person_271,False
person_272,False
person_273,False
person_274,False
person_275,False
person_276,True
person_277,True
person_278,True
person_279,True
person_280,False
person_281,False
person_282,False
person_283,False
person_284,False
person_285,False
person_286,False
person_287,True
person_288,False
person_289,False
person_290,False
person_291,False
person_292,False
person_293,False
person_294,False
person_295,False
person_296,False
person_297,False
person_298,True
person_299,True
person_300,True
person_301,True
person_302,True
person_303,True
person_304,False
person_305,False
person_306,True
person_307,False
person_308,False
person_309,False
person_310,True
person_311,True
person_312,True
person_313,False
person_314,False
person_315,False
person_316,False
person_317,False
person_318,False
person_319,False
person_320,False
person_321,False
person_322,False
person_323,False
person_324,False
person_325,False
person_326,False
person_327,True
person_328,False
person_329,False
person_330,False
person_331,False
person_332,False
person_333,False
person_334,False
person_335,False
person_336,False
person_337,True
person_338,True
person_339,True
person_340,False
person_341,False
person_342,True
person_343,True
person_344,False
person_345,False
person_346,False
person_347,True
person_348,False
person_349,False
person_350,False
person_351,False
person_352,False
person_353,False
person_354,True
person_355,False
person_356,False
person_357,True
person_358,False
person_359,True
person_360,False
person_361,True
person_362,False
person_363,True
person_364,False
person_365,False
person_366,False
person_367,True
person_368,False
person_369,False
person_370,False
person_371,False
person_372,True
person_373,True
person_374,False
person_375,False
person_376,False
person_377,False
person_378,True
person_379,True
person_380,False
person_381,True
person_382,True
person_383,False
person_384,True
person_385,False
person_386,False
person_387,False
person_388,False
person_389,False
person_390,True
person_391,False
person_392,True
person_393,False
person_394,False
person_395,False
person_396,False
person_397,True
person_398,False
person_399,False
person_400,False
person_401,True
person_402,False
person_403,False
person_404,True
person_405,False
person_406,False
person_407,True
person_408,False
person_409,True
person_410,True
person_411,True
person_412,False
person_413,False
person_414,False
person_415,False
person_416,False
person_417,True
person_418,False
person_419,False
person_420,False
person_421,True
person_422,False
person_423,True
person_424,False
person_425,True
person_426,True
person_427,True
person_428,False
person_429,False
person_430,False
person_431,True
person_432,True
person_433,True
person_434,False
person_435,False
person_436,False
person_437,False
person_438,True
person_439,False
person_440,True
person_441,True
person_442,False
person_443,False
person_444,False
person_445,False
person_446,False
person_447,True
person_448,False
person_449,False
person_450,True
person_451,False
person_452,True
person_453,True
person_454,False
person_455,True
person_456,True
person_457,False
person_458,False
person_459,False
person_460,False
person_461,False
person_462,False
person_463,False
person_464,False
person_465,False
person_466,False
person_467,True
person_468,False
person_469,False
person_470,False
person_471,False
person_472,True
person_473,False
person_474,False
person_475,False
person_476,True
person_477,False
person_478,True
person_479,False
person_480,False
person_481,True
person_482,True
person_483,True
person_484,True
person_485,True
person_486,True
person_487,False
person_488,False
person_489,False
person_490,True
person_491,False
person_492,False
person_493,True
person_494,False
person_495,False
person_496,False
person_497,False
person_498,True
person_499,False
person_500,False
person_501,False
person_502,True
person_503,False
person_504,True
person_505,True
person_506,False
person_507,False
person_508,False
person_509,False
person_510,True
person_511,False
person_512,False
person_513,True
person_514,True
person_515,False
person_516,False
person_517,True
person_518,False
person_519,False
person_520,False
person_521,True
person_522,False
person_523,True
person_524,False
person_525,True
person_526,True
person_527,False
person_528,False
person_529,False
person_530,False
person_531,False
person_532,False
person_533,False
person_534,True
person_535,False
person_536,False
person_537,False
person_538,False
person_539,True
person_540,False
person_541,True
person_542,False
person_543,False
person_544,False
person_545,True
person_546,False
person_547,True
person_548,True
person_549,True
person_550,False
person_551,True
person_552,False
person_553,False
person_554,False
person_555,True
person_556,False
person_557,False
person_558,False
person_559,True
person_560,False
person_561,False
person_562,True
person_563,False
person_564,True
person_565,True
person_566,True
person_567,False
person_568,True
person_569,False
person_570,True
person_571,False
person_572,False
person_573,False
person_574,False
person_575,False
person_576,True
person_577,True
person_578,False
person_579,False
person_580,True
person_581,False
person_582,False
person_583,False
person_584,False
person_585,True
person_586,False
person_587,True
person_588,False
person_589,False
person_590,True
person_591,False
person_592,False
person_593,False
person_594,True
person_595,False
person_596,False
person_597,False
person_598,False
person_599,True
person_600,True
person_601,False
person_602,False
person_603,False
person_604,False
person_605,False
person_606,False
person_607,False
person_608,True
person_609,True
person_610,False
person_611,False
person_612,False
person_613,False
person_614,True
person_615,False
person_616,False
person_617,False
person_618,False
person_619,False
person_620,True
person_621,False
person_622,False
person_623,False
person_624,False
person_625,True
person_626,False
person_627,False
person_628,True
person_629,False
person_630,False
person_631,False
person_632,False
person_633,False
person_634,True
person_635,True
person_636,False
person_637,True
person_638,False
person_639,True
person_640,True
person_641,False
person_642,False
person_643,False
person_644,False
person_645,False
person_646,True
person_647,False
person_648,False
person_649,False
person_650,False
person_651,False
person_652,False
person_653,True
person_654,True
person_655,False
person_656,False
person_657,True
person_658,False
person_659,False
person_660,True
person_661,True
person_662,False
person_663,False
person_664,True
person_665,True
person_666,False
person_667,False
person_668,False
person_669,False
person_670,True
person_671,True
person_672,False
person_673,False
person_674,False
person_675,False
person_676,False
person_677,True
person_678,False
person_679,False
person_680,False
person_681,False
person_682,False
person_683,False
person_684,False
person_685,False
person_686,False
person_687,False
person_688,False
person_689,False
person_690,False
person_691,False
person_692,False
person_693,False
person_694,False
person_695,False
person_696,False
person_697,False
person_698,False
person_699,False
person_700,False
person_701,True
person_702,True
person_703,False
person_704,False
person_705,False
person_706,False
person_707,True
person_708,False
person_709,True
person_710,False
person_711,False
person_712,False
person_713,False
person_714,False
person_715,True
person_716,False
person_717,False
person_718,False
person_719,True
person_720,False
person_721,False
person_722,False
person_723,False
person_724,False
person_725,True
person_726,False
person_727,False
person_728,False
person_729,True
person_730,False
person_731,True
person_732,False
person_733,False
person_734,False
person_735,False
person_736,False
person_737,True
person_738,True
person_739,False
person_740,False
person_741,False
person_742,False
person_743,False
person_744,False
person_745,True
person_746,False
person_747,False
person_748,False
person_749,False
person_750,False
person_751,False
person_752,False
person_753,True
person_754,True
person_755,True
person_756,False
person_757,False
person_758,False
person_759,False
person_760,False
person_761,True
person_762,False
person_763,False
person_764,False
person_765,False
person_766,False
person_767,False
person_768,True
person_769,True
person_770,False
person_771,False
person_772,True
person_773,True
person_774,True
person_775,False
person_776,False
person_777,False
person_778,True
person_779,True
person_780,False
person_781,True
person_782,False
person_783,False
person_784,False
person_785,False
person_786,False
person_787,False
person_788,True
person_789,False
person_790,False
person_791,False
person_792,True
person_793,True
person_794,True
person_795,False
person_796,True
person_797,False
person_798,False
person_799,False
person_800,False
person_801,False
person_802,False
person_803,False
person_804,False
person_805,False
person_806,True
person_807,False
person_808,False
person_809,False
person_810,False
person_811,False
person_812,True
person_813,False
person_814,False
person_815,False
person_816,False
person_817,False
person_818,False
person_819,False
person_820,False
person_821,False
person_822,False
person_823,True
person_824,False
person_825,False
person_826,False
person_827,False
person_828,True
person_829,False
person_830,True
person_831,True
person_832,True
person_833,True
person_834,False
person_835,False
person_836,False
person_837,True
person_838,False
person_839,False
person_840,False
person_841,False
person_842,False
person_843,False
person_844,True
person_845,True
person_846,False
person_847,False
person_848,False
person_849,True
person_850,False
person_851,False
person_852,True
person_853,False
person_854,True
person_855,False
person_856,True
person_857,False
person_858,False
person_859,False
person_860,True
person_861,False
person_862,False
person_863,False
person_864,False
person_865,True
person_866,True
person_867,False
person_868,True
person_869,False
person_870,False
person_871,False
person_872,True
person_873,True
person_874,False
person_875,False
person_876,True
person_877,True
person_878,False
person_879,True
person_880,False
person_881,True
person_882,False
person_883,False
person_884,False
person_885,False
person_886,False
person_887,False
person_888,False
person_889,False
person_890,True
person_891,False
person_892,False
person_893,False
person_894,True
person_895,False
person_896,False
person_897,False
person_898,False
person_899,False
person_900,False
person_901,False
person_902,False
person_903,True
person_904,True
person_905,False
person_906,False
person_907,False
person_908,False
person_909,False
person_910,False
person_911,False
person_912,True
person_913,True
person_914,True
person_915,False
person_916,False
person_917,False
person_918,False
person_919,False
person_920,False
person_921,False
person_922,False
person_923,True
person_924,False
person_925,True
person_926,False
person_927,False
person_928,False
person_929,True
person_930,False
person_931,False
person_932,False
person_933,False
person_934,True
person_935,True
person_936,False
person_937,False
person_938,False
person_939,False
person_940,False
person_941,True
person_942,False
person_943,False
person_944,True
person_945,False
person_946,True
person_947,False
person_948,False
person_949,False
person_950,False
person_951,False
person_952,False
person_953,False
person_954,False
person_955,False
person_956,False
person_957,False
person_958,False
person_959,False
person_960,True
person_961,False
person_962,False
person_963,False
person_964,False
person_965,False
person_966,False
person_967,False
person_968,False
person_969,False
person_970,False
person_971,False
person_972,True
person_973,False
person_974,False
person_975,True
person_976,False
person_977,False
person_978,False
person_979,False
person_980,True
person_981,True
person_982,False
person_983,False
person_984,False
person_985,False
person_986,True
person_987,True
person_988,False
person_989,False
person_990,False
person_991,False
person_992,False
person_993,False
person_994,False
person_995,False
person_996,False
person_997,False
person_998,False
person_999,False
person_1000,False
person_1001,False
person_1002,False
person_1003,False
person_1004,False
person_1005,False
person_1006,False
person_1007,False
person_1008,False
person_1009,True
person_1010,False
person_1011,False
person_1012,False
person_1013,False
person_1014,False
person_1015,True
person_1016,False
person_1017,False
person_1018,False
person_1019,False
person_1020,False
person_1021,False
person_1022,True
person_1023,False
person_1024,True
person_1025,True
person_1026,True
person_1027,True
person_1028,False
person_1029,True
person_1030,False
person_1031,False
person_1032,False
person_1033,False
person_1034,False
person_1035,False
person_1036,False
person_1037,False
person_1038,False
person_1039,True
person_1040,True
person_1041,False
person_1042,False
person_1043,True
person_1044,True
person_1045,False
person_1046,True
person_1047,True
person_1048,True
person_1049,False
person_1050,False
person_1051,False
person_1052,False
person_1053,True
person_1054,False
person_1055,False
person_1056,False
person_1057,False
person_1058,False
person_1059,False
person_1060,False
person_1061,False
person_1062,False
person_1063,False
person_1064,True
person_1065,True
person_1066,False
person_1067,False
person_1068,True
person_1069,True
person_1070,False
person_1071,False
person_1072,False
person_1073,False
person_1074,True
person_1075,False
person_1076,False
person_1077,False
person_1078,False
person_1079,True
person_1080,False
person_1081,False
person_1082,True
person_1083,False
person_1084,False
person_1085,False
person_1086,False
person_1087,True
person_1088,False
person_1089,False
person_1090,True
person_1091,False
person_1092,False
person_1093,False
person_1094,True
person_1095,True
person_1096,True
person_1097,False
person_1098,False
person_1099,False
person_1100,False
person_1101,False
person_1102,True
person_1103,False
person_1104,False
person_1105,False
person_1106,True
person_1107,False
person_1108,False
person_1109,True
person_1110,True
person_1111,True
person_1112,False
person_1113,True
person_1114,False
person_1115,False
person_1116,True
person_1117,True
person_1118,False
person_1119,True
person_1120,True
person_1121,True
person_1122,False
person_1123,True
person_1124,True
person_1125,False
person_1126,False
person_1127,True
person_1128,False
person_1129,False
person_1130,False
person_1131,False
person_1132,False
person_1133,False
person_1134,True
person_1135,False
person_1136,True
person_1137,False
person_1138,False
person_1139,False
person_1140,True
person_1141,False
person_1142,False
person_1143,False
person_1144,False
person_1145,False
person_1146,True
person_1147,False
person_1148,False
person_1149,True
person_1150,False
person_1151,True
person_1152,False
person_1153,True
person_1154,False
person_1155,True
person_1156,True
person_1157,False
person_1158,False
person_1159,False
person_1160,False
person_1161,False
person_1162,True
person_1163,False
person_1164,True
person_1165,False
person_1166,True
person_1167,True
person_1168,False
person_1169,True
person_1170,False
person_1171,True
person_1172,False
person_1173,True
person_1174,False
person_1175,False
person_1176,True
person_1177,False
person_1178,False
person_1179,False
person_1180,False
person_1181,False
person_1182,False
person_1183,False
person_1184,False
person_1185,False
person_1186,False
person_1187,False
person_1188,False
person_1189,True
person_1190,False
person_1191,True
person_1192,False
person_1193,False
person_1194,True
person_1195,True
person_1196,False
person_1197,False
person_1198,False
person_1199,True
person_1200,False
person_1201,False
person_1202,False
person_1203,False
person_1204,False
person_1205,False
person_1206,False
person_1207,False
person_1208,False
person_1209,False
person_1210,True
person_1211,False
person_1212,True
person_1213,False
person_1214,False
person_1215,False
person_1216,True
person_1217,False
person_1218,False
person_1219,False
person_1220,False
person_1221,False
person_1222,True
person_1223,False
person_1224,False
person_1225,True
person_1226,True
person_1227,False
person_1228,False
person_1229,False
person_1230,False
person_1231,False
person_1232,True
person_1233,False
person_1234,True
person_1235,False
person_1236,False
person_1237,False
person_1238,False
person_1239,False
person_1240,True
person_1241,False
person_1242,False
person_1243,False
person_1244,True
person_1245,False
person_1246,True
person_1247,True
person_1248,True
person_1249,False
person_1250,False
person_1251,False
person_1252,True
person_1253,True
person_1254,False
person_1255,True
person_1256,False
person_1257,False
person_1258,False
person_1259,True
person_1260,True
person_1261,False
person_1262,False
person_1263,True
person_1264,False
person_1265,True
person_1266,True
person_1267,False
person_1268,False
person_1269,False
person_1270,False
person_1271,False
person_1272,False
person_1273,False
person_1274,False
person_1275,True
person_1276,True
person_1277,True
person_1278,True
person_1279,True
person_1280,False
person_1281,True
person_1282,False
person_1283,False
person_1284,True
person_1285,False
person_1286,False
person_1287,False
person_1288,True
person_1289,False
person_1290,True
person_1291,False
person_1292,True
person_1293,False
person_1294,True
person_1295,False
person_1296,True
person_1297,True
person_1298,True
person_1299,False
person_1300,True
person_1301,True
person_1302,False
person_1303,True
person_1304,False
person_1305,False
person_1306,False
person_1307,False
person_1308,False
person_1309,False
person_1310,False
person_1311,True
person_1312,False
person_1313,False
person_1314,True
person_1315,False
person_1316,False
person_1317,False
person_1318,False
person_1319,False
person_1320,False
person_1321,True
person_1322,False
person_1323,False
person_1324,True
person_1325,False
person_1326,False
person_1327,False
person_1328,False
person_1329,False
person_1330,True
person_1331,False
person_1332,False
person_1333,False
person_1334,False
person_1335,False
person_1336,False
person_1337,False
person_1338,False
person_1339,True
person_1340,False
person_1341,True
person_1342,True
person_1343,False
person_1344,False
person_1345,False
person_1346,False
person_1347,False
person_1348,False
person_1349,False
person_1350,False
person_1351,True
person_1352,False
person_1353,False
person_1354,False
person_1355,False
person_1356,True
person_1357,True
person_1358,False
person_1359,False
person_1360,False
person_1361,False
person_1362,False
person_1363,False
person_1364,True
person_1365,False
person_1366,False
person_1367,True
person_1368,False
person_1369,False
person_1370,True
person_1371,True
person_1372,False
person_1373,False
person_1374,False
person_1375,False
person_1376,False
person_1377,False
person_1378,False
person_1379,False
person_1380,False
person_1381,True
person_1382,False
person_1383,False
person_1384,False
person_1385,False
person_1386,False
person_1387,True
person_1388,True
person_1389,True
person_1390,False
person_1391,False
person_1392,False
person_1393,False
person_1394,True
person_1395,False
person_1396,True
person_1397,False
person_1398,False
person_1399,True
person_1400,False
person_1401,False
person_1402,False
person_1403,False
person_1404,False
person_1405,False
person_1406,False
person_1407,False
person_1408,False
person_1409,False
person_1410,False
person_1411,True
person_1412,True
person_1413,False
person_1414,True
person_1415,False
person_1416,True
person_1417,False
person_1418,False
person_1419,False
person_1420,False
person_1421,False
person_1422,False
person_1423,False
person_1424,False
person_1425,False
person_1426,False
person_1427,False
person_1428,False
person_1429,True
person_1430,False
person_1431,False
person_1432,True
person_1433,True
person_1434,True
person_1435,True
person_1436,True
person_1437,False
person_1438,True
person_1439,True
person_1440,True
person_1441,False
person_1442,False
person_1443,True
person_1444,False
person_1445,False
person_1446,True
person_1447,True
person_1448,False
person_1449,False
person_1450,False
person_1451,False
person_1452,True
person_1453,False
person_1454,True
person_1455,True
person_1456,False
person_1457,False
person_1458,False
person_1459,True
person_1460,False
person_1461,False
person_1462,False
person_1463,False
person_1464,False
person_1465,True
person_1466,False
person_1467,False
person_1468,False
person_1469,False
person_1470,False
person_1471,False
person_1472,False
person_1473,False
person_1474,False
person_1475,False
person_1476,False
person_1477,False
person_1478,False
person_1479,False
person_1480,False
person_1481,True
person_1482,True
person_1483,False
person_1484,False
person_1485,False
person_1486,False
person_1487,False
person_1488,False
person_1489,False
person_1490,False
person_1491,False
person_1492,False
person_1493,False
person_1494,True
person_1495,True
person_1496,False
person_1497,True
person_1498,False
person_1499,False
person_1500,True
person_1501,False
person_1502,False
person_1503,False
person_1504,False
person_1505,False
person_1506,False
person_1507,False
person_1508,True
person_1509,True
person_1510,True
person_1511,False
person_1512,False
person_1513,False
person_1514,False
person_1515,False
person_1516,False
person_1517,False
person_1518,False
person_1519,False
person_1520,True
person_1521,False
person_1522,False
person_1523,True
person_1524,False
person_1525,False
person_1526,False
person_1527,False
person_1528,True
person_1529,False
person_1530,True
person_1531,True
person_1532,False
person_1533,False
person_1534,True
person_1535,False
person_1536,False
person_1537,False
person_1538,False
person_1539,True
person_1540,False
person_1541,True
person_1542,False
person_1543,True
person_1544,True
person_1545,True
person_1546,False
person_1547,True
person_1548,False
person_1549,False
person_1550,False
person_1551,False
person_1552,False
person_1553,False
person_1554,True
person_1555,True
person_1556,False
person_1557,False
person_1558,False
person_1559,True
person_1560,False
person_1561,True
person_1562,False
person_1563,False
person_1564,False
person_1565,False
person_1566,False
person_1567,True
person_1568,False
person_1569,False
person_1570,True
person_1571,True
person_1572,False
person_1573,False
person_1574,False
person_1575,True
person_1576,False
person_1577,True
person_1578,False
person_1579,False
person_1580,False
person_1581,False
person_1582,True
person_1583,False
person_1584,False
person_1585,False
person_1586,False
person_1587,False
person_1588,False
person_1589,False
person_1590,False
person_1591,False
person_1592,False
person_1593,False
person_1594,True
person_1595,False
person_1596,True
person_1597,False
person_1598,True
person_1599,False
person_1600,False
person_1601,False
person_1602,False
person_1603,True
person_1604,False
person_1605,True
person_1606,False
person_1607,False
person_1608,True
person_1609,False
person_1610,True
person_1611,False
person_1612,False
person_1613,False
person_1614,False
person_1615,True
person_1616,False
person_1617,False
person_1618,False
person_1619,False
person_1620,False
person_1621,False
person_1622,False
person_1623,False
person_1624,False
person_1625,True
person_1626,False
person_1627,True
person_1628,False
person_1629,True
person_1630,False
person_1631,True
person_1632,False
person_1633,True
person_1634,True
person_1635,True
person_1636,False
person_1637,False
person_1638,True
person_1639,False
person_1640,False
person_1641,False
person_1642,False
person_1643,False
person_1644,False
person_1645,False
person_1646,False
person_1647,False
person_1648,False
person_1649,False
person_1650,False
person_1651,True
person_1652,True
person_1653,False
person_1654,False
person_1655,False
person_1656,True
person_1657,False
person_1658,True
person_1659,False
person_1660,False
person_1661,False
person_1662,False
person_1663,False
person_1664,False
person_1665,True
person_1666,False
person_1667,False
person_1668,False
person_1669,False
person_1670,False
person_1671,False
person_1672,False
person_1673,True
person_1674,False
person_1675,False
person_1676,True
person_1677,False
person_1678,False
person_1679,False
person_1680,False
person_1681,False
person_1682,True
person_1683,True
person_1684,False
person_1685,True
person_1686,True
person_1687,False
person_1688,False
person_1689,False
person_1690,True
person_1691,False
person_1692,True
person_1693,False
person_1694,False
person_1695,False
person_1696,False
person_1697,False
person_1698,False
person_1699,True
person_1700,False
person_1701,False
person_1702,False
person_1703,True
person_1704,True
person_1705,False
person_1706,False
person_1707,False
person_1708,False
person_1709,False
person_1710,False
person_1711,False
person_1712,False
person_1713,False
person_1714,False
person_1715,True
person_1716,False
person_1717,True
person_1718,False
person_1719,True
person_1720,False
person_1721,True
person_1722,True
person_1723,False
person_1724,False
person_1725,False
person_1726,False
person_1727,False
person_1728,True
person_1729,False
person_1730,True
person_1731,True
person_1732,False
person_1733,False
person_1734,True
person_1735,False
person_1736,True
person_1737,False
person_1738,False
person_1739,False
person_1740,True
person_1741,True
person_1742,False
person_1743,True
person_1744,False
person_1745,False
person_1746,True
person_1747,False
person_1748,True
person_1749,False
person_1750,True
person_1751,False
person_1752,False
person_1753,True
person_1754,False
person_1755,False
person_1756,False
person_1757,False
person_1758,False
person_1759,True
person_1760,True
person_1761,False
person_1762,False
person_1763,True
person_1764,False
person_1765,False
person_1766,True
person_1767,False
person_1768,False
person_1769,False
person_1770,False
person_1771,True
person_1772,False
person_1773,False
person_1774,False
person_1775,False
person_1776,False
person_1777,False
person_1778,True
person_1779,False
person_1780,False
person_1781,False
person_1782,False
person_1783,False
person_1784,False
person_1785,False
person_1786,False
person_1787,False
person_1788,False
person_1789,False
person_1790,False
person_1791,False
person_1792,True
person_1793,False
person_1794,False
person_1795,False
person_1796,False
person_1797,False
person_1798,True
person_1799,False
person_1800,False
person_1801,False
person_1802,False
person_1803,True
person_1804,True
person_1805,True
person_1806,False
person_1807,False
person_1808,False
person_1809,False
person_1810,False
person_1811,False
person_1812,False
person_1813,False
person_1814,False
person_1815,False
person_1816,False
person_1817,False
person_1818,False
person_1819,False
person_1820,True
person_1821,False
person_1822,False
person_1823,False
person_1824,False
person_1825,True
person_1826,False
person_1827,False
person_1828,True
person_1829,False
person_1830,False
person_1831,False
person_1832,True
person_1833,False
person_1834,False
person_1835,True
person_1836,False
person_1837,False
person_1838,False
person_1839,False
person_1840,False
person_1841,True
person_1842,True
person_1843,False
person_1844,False
person_1845,True
person_1846,False
person_1847,False
person_1848,False
person_1849,False
person_1850,True
person_1851,False
person_1852,False
person_1853,False
person_1854,False
person_1855,False
person_1856,False
person_1857,False
person_1858,False
person_1859,False
person_1860,True
person_1861,False
person_1862,False
person_1863,False
person_1864,False
person_1865,True
person_1866,False
person_1867,False
person_1868,False
person_1869,False
person_1870,True
person_1871,False
person_1872,True
person_1873,False
person_1874,False
person_1875,False
person_1876,True
person_1877,True
person_1878,False
person_1879,False
person_1880,True
person_1881,False
person_1882,False
person_1883,True
person_1884,False
person_1885,False
person_1886,False
person_1887,False
person_1888,False
person_1889,True
person_1890,True
person_1891,True
person_1892,False
person_1893,False
person_1894,False
person_1895,False
person_1896,False
person_1897,False
person_1898,False
person_1899,False
person_1900,False
person_1901,False
person_1902,True
person_1903,False
person_1904,True
person_1905,False
person_1906,True
person_1907,True
person_1908,False
person_1909,False
person_1910,False
person_1911,True
person_1912,False
person_1913,False
person_1914,False
person_1915,True
person_1916,True
person_1917,False
person_1918,False
person_1919,True
person_1920,False
person_1921,False
person_1922,False
person_1923,True
person_1924,False
person_1925,False
person_1926,False
person_1927,True
person_1928,False
person_1929,True
person_1930,False
person_1931,False
person_1932,False
person_1933,False
person_1934,True
person_1935,True
person_1936,False
person_1937,False
person_1938,False
person_1939,False
person_1940,False
person_1941,False
person_1942,True
person_1943,True
person_1944,True
person_1945,False
person_1946,True
person_1947,False
person_1948,False
person_1949,False
person_1950,False
person_1951,False
person_1952,False
person_1953,True
person_1954,True
person_1955,False
person_1956,False
person_1957,False
person_1958,False
person_1959,False
person_1960,True
person_1961,True
person_1962,False
person_1963,False
person_1964,True
person_1965,True
person_1966,False
person_1967,False
person_1968,False
person_1969,True
person_1970,False
person_1971,True
person_1972,True
person_1973,False
person_1974,False
person_1975,False
person_1976,True
person_1977,True
person_1978,False
person_1979,False
person_1980,False
person_1981,False
person_1982,False
person_1983,False
person_1984,False
person_1985,False
person_1986,False
person_1987,False
person_1988,False
person_1989,True
person_1990,False
person_1991,False
person_1992,False
person_1993,False
person_1994,False
person_1995,False
person_1996,False
person_1997,False
person_1998,True
person_1999,False
person_2000,True
person_2001,True
person_2002,True
person_2003,True
person_2004,False
person_2005,True
person_2006,False
person_2007,False
person_2008,True
person_2009,False
person_2010,False
person_2011,True
person_2012,False
person_2013,False
person_2014,False
person_2015,True
person_2016,False
person_2017,False
person_2018,False
person_2019,False
person_2020,True
person_2021,True
person_2022,False
person_2023,False
person_2024,False
person_2025,False
person_2026,False
person_2027,False
person_2028,False
person_2029,False
person_2030,False
person_2031,False
person_2032,True
person_2033,False
person_2034,True
person_2035,True
person_2036,False
person_2037,False
person_2038,False
person_2039,False
person_2040,False
person_2041,False
person_2042,True
person_2043,False
person_2044,True
person_2045,False
person_2046,False
person_2047,True
person_2048,True
person_2049,False
person_2050,False
person_2051,True
person_2052,False
person_2053,False
person_2054,False
person_2055,False
person_2056,False
person_2057,True
person_2058,False
person_2059,False
person_2060,False
person_2061,False
person_2062,False
person_2063,True
person_2064,False
person_2065,False
person_2066,True
person_2067,False
person_2068,True
person_2069,False
person_2070,False
person_2071,True
person_2072,True
person_2073,False
person_2074,True
person_2075,False
person_2076,True
person_2077,False
person_2078,False
person_2079,True
person_2080,False
person_2081,False
person_2082,False
person_2083,True
person_2084,True
person_2085,False
person_2086,False
person_2087,False
person_2088,False
person_2089,False
person_2090,False
person_2091,False
person_2092,False
person_2093,False
person_2094,False
person_2095,False
person_2096,False
person_2097,False
person_2098,False
person_2099,True
person_2100,False
person_2101,False
person_2102,False
person_2103,True
person_2104,False
person_2105,False
person_2106,False
person_2107,True
person_2108,False
person_2109,False
person_2110,False
person_2111,True
person_2112,False
person_2113,False
person_2114,False
person_2115,False
person_2116,True
person_2117,False
person_2118,True
person_2119,False
person_2120,False
person_2121,False
person_2122,True
person_2123,True
person_2124,False
person_2125,False
person_2126,False
person_2127,False
person_2128,False
person_2129,False
person_2130,False
person_2131,False
person_2132,False
person_2133,False
person_2134,False
person_2135,False
person_2136,False
person_2137,False
person_2138,False
person_2139,False
person_2140,False
person_2141,False
person_2142,True
person_2143,False
person_2144,False
person_2145,True
person_2146,True
person_2147,False
person_2148,False
person_2149,True
person_2150,False
person_2151,False
person_2152,False
person_2153,True
person_2154,False
person_2155,False
person_2156,False
person_2157,True
person_2158,False
person_2159,False
person_2160,False
person_2161,False
person_2162,False
person_2163,False
person_2164,False
person_2165,False
person_2166,True
person_2167,False
person_2168,False
person_2169,False
person_2170,False
person_2171,False
person_2172,False
person_2173,False
person_2174,False
person_2175,False
person_2176,True
person_2177,False
person_2178,True
person_2179,False
person_2180,False
person_2181,False
person_2182,False
person_2183,False
person_2184,False
person_2185,True
person_2186,False
person_2187,True
person_2188,False
person_2189,True
person_2190,False
person_2191,True
person_2192,False
person_2193,False
person_2194,False
person_2195,True
person_2196,False
person_2197,False
person_2198,True
person_2199,False
person_2200,False
person_2201,False
person_2202,False
person_2203,False
person_2204,False
person_2205,False
person_2206,False
person_2207,False
person_2208,False
person_2209,False
person_2210,False
person_2211,False
person_2212,True
person_2213,False
person_2214,True
person_2215,False
person_2216,False
person_2217,True
person_2218,True
person_2219,False
person_2220,False
person_2221,True
person_2222,False
person_2223,False
person_2224,True
person_2225,False
person_2226,True
person_2227,True
person_2228,False
person_2229,False
person_2230,False
person_2231,False
person_2232,False
person_2233,False
person_2234,False
person_2235,False
person_2236,False
person_2237,False
person_2238,True
person_2239,False
person_2240,False
person_2241,True
person_2242,False
person_2243,False
person_2244,False
person_2245,False
person_2246,False
person_2247,True
person_2248,False
person_2249,False
person_2250,False
person_2251,False
person_2252,False
person_2253,True
person_2254,False
person_2255,True
person_2256,False
person_2257,False
person_2258,False
person_2259,False
person_2260,False
person_2261,False
person_2262,False
person_2263,True
person_2264,False
person_2265,False
person_2266,False
person_2267,False
person_2268,False
person_2269,True
person_2270,False
person_2271,False
person_2272,False
person_2273,False
person_2274,False
person_2275,False
person_2276,False
person_2277,True
person_2278,False
person_2279,True
person_2280,False
person_2281,True
person_2282,False
person_2283,False
person_2284,False
person_2285,False
person_2286,False
person_2287,False
person_2288,False
person_2289,False
person_2290,False
person_2291,False
person_2292,False
person_2293,False
person_2294,True
person_2295,True
person_2296,True
person_2297,False
person_2298,False
person_2299,False
person_2300,True
person_2301,False
person_2302,False
person_2303,False
person_2304,False
person_2305,False
person_2306,True
person_2307,False
person_2308,True
person_2309,False
person_2310,False
person_2311,False
person_2312,True
person_2313,False
person_2314,False
person_2315,False
person_2316,False
person_2317,False
person_2318,False
person_2319,False
person_2320,True
person_2321,True
person_2322,False
person_2323,True
person_2324,True
person_2325,True
person_2326,False
person_2327,False
person_2328,False
person_2329,False
person_2330,False
person_2331,False
person_2332,True
person_2333,True
person_2334,False
person_2335,False
person_2336,True
person_2337,False
person_2338,True
person_2339,True
person_2340,False
person_2341,True
person_2342,False
person_2343,False
person_2344,True
person_2345,True
person_2346,False
person_2347,False
person_2348,False
person_2349,False
person_2350,False
person_2351,False
person_2352,False
person_2353,False
person_2354,True
person_2355,False
person_2356,True
person_2357,False
person_2358,False
person_2359,False
person_2360,False
person_2361,False
person_2362,False
person_2363,False
person_2364,False
person_2365,False
person_2366,False
person_2367,False
person_2368,False
person_2369,False
person_2370,False
person_2371,False
person_2372,True
person_2373,True
person_2374,True
person_2375,False
person_2376,False
person_2377,False
person_2378,False
person_2379,True
person_2380,False
person_2381,False
person_2382,True
person_2383,False
person_2384,True
person_2385,False
person_2386,True
person_2387,False
person_2388,False
person_2389,True
person_2390,False
person_2391,True
person_2392,True
person_2393,False
person_2394,False
person_2395,True
person_2396,True
person_2397,False
person_2398,False
person_2399,True
person_2400,False
person_2401,True
person_2402,True
person_2403,False
person_2404,False
person_2405,True
person_2406,False
person_2407,False
person_2408,True
person_2409,False
person_2410,False
person_2411,False
person_2412,True
person_2413,False
person_2414,True
person_2415,False
person_2416,False
person_2417,False
person_2418,True
person_2419,False
person_2420,False
person_2421,False
person_2422,True
person_2423,False
person_2424,True
person_2425,True
person_2426,False
person_2427,True
person_2428,False
person_2429,True
person_2430,False
person_2431,False
person_2432,False
person_2433,False
person_2434,True
person_2435,False
person_2436,False
person_2437,False
person_2438,False
person_2439,True
person_2440,False
person_2441,False
person_2442,False
person_2443,False
person_2444,False
person_2445,False
person_2446,False
person_2447,False
person_2448,True
person_2449,False
person_2450,False
person_2451,False
person_2452,False
person_2453,False
person_2454,False
person_2455,True
person_2456,False
person_2457,False
person_2458,False
person_2459,False
person_2460,False
person_2461,False
person_2462,False
person_2463,True
person_2464,False
person_2465,False
person_2466,True
person_2467,True
person_2468,True
person_2469,True
person_2470,False
person_2471,False
person_2472,False
person_2473,False
person_2474,False
person_2475,False
person_2476,False
person_2477,False
person_2478,False
person_2479,True
person_2480,False
person_2481,False
person_2482,False
person_2483,False
person_2484,False
person_2485,False
person_2486,True
person_2487,False
person_2488,False
person_2489,True
person_2490,False
person_2491,False
person_2492,False
person_2493,False
person_2494,True
person_2495,True
person_2496,False
person_2497,False
person_2498,True
person_2499,True
person_2500,True
person_2501,True
person_2502,False
person_2503,False
person_2504,False
person_2505,False
person_2506,True
person_2507,False
person_2508,True
person_2509,False
person_2510,True
person_2511,False
person_2512,False
person_2513,False
person_2514,True
person_2515,False
person_2516,True
person_2517,True
person_2518,False
person_2519,False
person_2520,True
person_2521,False
person_2522,False
person_2523,True
person_2524,False
person_2525,True
person_2526,False
person_2527,False
person_2528,False
person_2529,True
person_2530,True
person_2531,False
person_2532,False
person_2533,True
person_2534,True
person_2535,False
person_2536,False
person_2537,True
person_2538,True
person_2539,False
person_2540,False
person_2541,True
person_2542,False
person_2543,False
person_2544,False
person_2545,True
person_2546,False
person_2547,False
person_2548,False
person_2549,False
person_2550,True
person_2551,False
person_2552,False
person_2553,False
person_2554,True
person_2555,True
person_2556,False
person_2557,False
person_2558,False
person_2559,False
person_2560,False
person_2561,False
person_2562,False
person_2563,False
person_2564,False
person_2565,True
person_2566,False
person_2567,False
person_2568,False
person_2569,True
person_2570,False
person_2571,False
person_2572,True
person_2573,False
person_2574,True
person_2575,False
person_2576,False
person_2577,True
person_2578,False
person_2579,False
person_2580,False
person_2581,False
person_2582,False
person_2583,False
person_2584,True
person_2585,True
person_2586,False
person_2587,False
person_2588,False
person_2589,False
person_2590,True
person_2591,True
person_2592,True
person_2593,False
person_2594,False
person_2595,True
person_2596,False
person_2597,False
person_2598,False
person_2599,True
person_2600,True
person_2601,False
person_2602,False
person_2603,False
person_2604,False
person_2605,False
person_2606,True
person_2607,False
person_2608,True
person_2609,False
person_2610,False
person_2611,False
person_2612,False
person_2613,False
person_2614,False
person_2615,True
person_2616,False
person_2617,False
person_2618,False
person_2619,True
person_2620,False
person_2621,False
person_2622,False
person_2623,False
person_2624,True
person_2625,False
person_2626,True
person_2627,False
person_2628,True
person_2629,True
person_2630,False
person_2631,False
person_2632,False
person_2633,False
person_2634,False
person_2635,True
person_2636,True
person_2637,False
person_2638,True
person_2639,False
person_2640,False
person_2641,False
person_2642,False
person_2643,False
person_2644,False
person_2645,False
person_2646,False
person_2647,False
person_2648,False
person_2649,True
person_2650,False
person_2651,False
person_2652,False
person_2653,False
person_2654,True
person_2655,False
person_2656,False
person_2657,False
person_2658,False
person_2659,True
person_2660,False
person_2661,False
person_2662,False
person_2663,False
person_2664,False
person_2665,True
person_2666,False
person_2667,True
person_2668,False
person_2669,True
person_2670,True
person_2671,False
person_2672,False
person_2673,False
person_2674,False
person_2675,False
person_2676,False
person_2677,False
person_2678,False
person_2679,False
person_2680,False
person_2681,False
person_2682,False
person_2683,False
person_2684,False
person_2685,False
person_2686,False
person_2687,False
person_2688,False
person_2689,False
person_2690,False
person_2691,False
person_2692,False
person_2693,False
person_2694,True
person_2695,False
person_2696,True
person_2697,True
person_2698,False
person_2699,False
person_2700,False
person_2701,True
person_2702,True
person_2703,False
person_2704,False
person_2705,False
person_2706,True
person_2707,False
person_2708,False
person_2709,False
person_2710,False
person_2711,True
person_2712,False
person_2713,False
person_2714,False
person_2715,False
person_2716,False
person_2717,False
person_2718,False
person_2719,False
person_2720,False
person_2721,False
person_2722,False
person_2723,True
person_2724,False
person_2725,False
person_2726,True
person_2727,False
person_2728,False
person_2729,False
person_2730,False
person_2731,False
person_2732,False
person_2733,False
person_2734,False
person_2735,False
person_2736,False
person_2737,False
person_2738,False
person_2739,False
person_2740,False
person_2741,True
person_2742,True
person_2743,False
person_2744,False
person_2745,False
person_2746,False
person_2747,True
person_2748,True
person_2749,False
person_2750,True
person_2751,True
person_2752,False
person_2753,False
person_2754,True
person_2755,True
person_2756,False
person_2757,True
person_2758,False
person_2759,True
person_2760,True
person_2761,False
person_2762,False
person_2763,False
person_2764,False
person_2765,False
person_2766,False
person_2767,False
person_2768,False
person_2769,False
person_2770,False
person_2771,True
person_2772,False
person_2773,False
person_2774,False
person_2775,True
person_2776,False
person_2777,True
person_2778,False
person_2779,True
person_2780,False
person_2781,False
person_2782,True
person_2783,False
person_2784,False
person_2785,False
person_2786,True
person_2787,False
person_2788,True
person_2789,False
person_2790,False
person_2791,False
person_2792,True
person_2793,False
person_2794,False
person_2795,False
person_2796,False
person_2797,True
person_2798,False
person_2799,False
person_2800,False
person_2801,False
person_2802,True
person_2803,False
person_2804,False
person_2805,False
person_2806,False
person_2807,False
person_2808,False
person_2809,True
person_2810,False
person_2811,False
person_2812,False
person_2813,False
person_2814,False
person_2815,False
person_2816,False
person_2817,False
person_2818,False
person_2819,False
person_2820,True
person_2821,False
person_2822,False
person_2823,True
person_2824,False
person_2825,False
person_2826,False
person_2827,False
person_2828,False
person_2829,False
person_2830,False
person_2831,False
person_2832,True
person_2833,False
person_2834,False
person_2835,True
person_2836,True
person_2837,True
person_2838,False
person_2839,False
person_2840,False
person_2841,True
person_2842,True
person_2843,True
person_2844,True
person_2845,False
person_2846,False
person_2847,False
person_2848,True
person_2849,False
person_2850,True
person_2851,False
person_2852,False
person_2853,False
person_2854,False
person_2855,False
person_2856,True
person_2857,False
person_2858,False
person_2859,False
person_2860,True
person_2861,False
person_2862,False
person_2863,False
person_2864,True
person_2865,False
person_2866,False
person_2867,False
person_2868,False
person_2869,False
person_2870,True
person_2871,False
person_2872,False
person_2873,False
person_2874,False
person_2875,True
person_2876,False
person_2877,True
person_2878,True
person_2879,False
person_2880,False
person_2881,False
person_2882,True
person_2883,False
person_2884,False
person_2885,True
person_2886,False
person_2887,True
person_2888,False
person_2889,False
person_2890,True
person_2891,False
person_2892,False
person_2893,False
person_2894,False
person_2895,False
person_2896,False
person_2897,False
person_2898,False
person_2899,False
person_2900,False
person_2901,False
person_2902,False
person_2903,False
person_2904,True
person_2905,False
person_2906,False
person_2907,False
person_2908,True
person_2909,True
person_2910,True
person_2911,True
person_2912,True
person_2913,False
person_2914,False
person_2915,True
person_2916,False
person_2917,False
person_2918,True
person_2919,False
person_2920,False
person_2921,False
person_2922,False
person_2923,False
person_2924,False
person_2925,False
person_2926,False
person_2927,False
person_2928,False
person_2929,True
person_2930,False
person_2931,False
person_2932,False
person_2933,False
person_2934,False
person_2935,True
person_2936,False
person_2937,False
person_2938,True
person_2939,False
person_2940,False
person_2941,False
person_2942,False
person_2943,False
person_2944,True
person_2945,False
person_2946,False
person_2947,True
person_2948,False
person_2949,False
person_2950,False
person_2951,True
person_2952,False
person_2953,False
person_2954,False
person_2955,False
person_2956,True
person_2957,False
person_2958,False
person_2959,False
person_2960,False
person_2961,False
person_2962,False
person_2963,False
person_2964,True
person_2965,False
person_2966,False
person_2967,True
person_2968,False
person_2969,False
person_2970,False
person_2971,True
person_2972,False
person_2973,False
person_2974,False
person_2975,False
person_2976,True
person_2977,True
person_2978,False
person_2979,True
person_2980,False
person_2981,False
person_2982,False
person_2983,False
person_2984,False
person_2985,True
person_2986,False
person_2987,False
person_2988,False
person_2989,False
person_2990,True
person_2991,False
person_2992,False
person_2993,True
person_2994,True
person_2995,True
person_2996,False
person_2997,False
person_2998,False
person_2999,False
person_3000,True
person_3001,False
person_3002,False
person_3003,True
person_3004,True
person_3005,True
person_3006,False
person_3007,False
person_3008,True
person_3009,True
person_3010,False
person_3011,False
person_3012,False
person_3013,False
person_3014,False
person_3015,False
person_3016,False
person_3017,False
person_3018,True
person_3019,False
person_3020,False
person_3021,False
person_3022,False
person_3023,False
person_3024,False
person_3025,True
person_3026,False
person_3027,False
person_3028,True
person_3029,False
person_3030,True
person_3031,False
person_3032,False
person_3033,True
person_3034,False
person_3035,True
person_3036,True
person_3037,False
person_3038,False
person_3039,False
person_3040,False
person_3041,False
person_3042,True
person_3043,True
person_3044,False
person_3045,True
person_3046,True
person_3047,False
person_3048,False
person_3049,False
person_3050,False
person_3051,True
person_3052,False
person_3053,False
person_3054,False
person_3055,True
person_3056,False
person_3057,True
person_3058,False
person_3059,False
person_3060,False
person_3061,False
person_3062,False
person_3063,False
person_3064,True
person_3065,True
person_3066,True
person_3067,False
person_3068,False
person_3069,False
person_3070,True
person_3071,False
person_3072,False
person_3073,False
person_3074,True
person_3075,True
person_3076,False
person_3077,False
person_3078,True
person_3079,True
person_3080,True
person_3081,True
person_3082,False
person_3083,True
person_3084,False
person_3085,False
person_3086,False
person_3087,False
person_3088,False
person_3089,False
person_3090,True
person_3091,False
person_3092,False
person_3093,False
person_3094,False
person_3095,True
person_3096,False
person_3097,False
person_3098,False
person_3099,False
person_3100,True
person_3101,False
person_3102,False
person_3103,False
person_3104,False
person_3105,False
person_3106,False
person_3107,True
person_3108,True
person_3109,False
person_3110,True
person_3111,True
person_3112,False
person_3113,False
person_3114,False
person_3115,True
person_3116,False
person_3117,True
person_3118,False
person_3119,False
person_3120,False
person_3121,False
person_3122,True
person_3123,True
person_3124,False
person_3125,False
person_3126,False
person_3127,False
person_3128,False
person_3129,False
person_3130,True
person_3131,False
person_3132,False
person_3133,True
person_3134,False
person_3135,False
person_3136,False
person_3137,False
person_3138,False
person_3139,False
person_3140,False
person_3141,False
person_3142,False
person_3143,False
person_3144,False
person_3145,False
person_3146,True
person_3147,False
person_3148,True
person_3149,False
person_3150,False
person_3151,True
person_3152,False
person_3153,True
person_3154,False
person_3155,False
person_3156,False
person_3157,False
person_3158,True
person_3159,False
person_3160,False
person_3161,False
person_3162,False
person_3163,True
person_3164,False
person_3165,False
person_3166,False
person_3167,False
person_3168,False
person_3169,False
person_3170,False
person_3171,False
person_3172,False
person_3173,False
person_3174,False
person_3175,False
person_3176,False
person_3177,False
person_3178,False
person_3179,False
person_3180,False
person_3181,False
person_3182,False
person_3183,True
person_3184,False
person_3185,False
person_3186,False
person_3187,False
person_3188,False
person_3189,False
person_3190,False
person_3191,True
person_3192,False
person_3193,False
person_3194,False
person_3195,False
person_3196,False
person_3197,True
person_3198,False
person_3199,False
person_3200,False
person_3201,False
person_3202,False
person_3203,False
person_3204,False
person_3205,False
person_3206,True
person_3207,False
person_3208,True
person_3209,False
person_3210,True
person_3211,False
person_3212,False
person_3213,True
person_3214,False
person_3215,False
person_3216,True
person_3217,False
person_3218,False
person_3219,False
person_3220,True
person_3221,True
person_3222,False
person_3223,False
person_3224,False
person_3225,False
person_3226,False
person_3227,False
person_3228,False
person_3229,False
person_3230,False
person_3231,False
person_3232,True
person_3233,False
person_3234,False
person_3235,False
person_3236,False
person_3237,False
person_3238,False
person_3239,False
person_3240,False
person_3241,False
person_3242,False
person_3243,False
person_3244,False
person_3245,False
person_3246,False
person_3247,False
person_3248,False
person_3249,False
person_3250,False
person_3251,False
person_3252,False
person_3253,False
person_3254,False
person_3255,False
person_3256,True
person_3257,True
person_3258,False
person_3259,False
person_3260,False
person_3261,True
person_3262,False
person_3263,False
person_3264,False
person_3265,True
person_3266,True
person_3267,False
person_3268,False
person_3269,False
person_3270,False
person_3271,True
person_3272,True
person_3273,False
person_3274,False
person_3275,True
person_3276,True
person_3277,False
person_3278,False
person_3279,False
person_3280,False
person_3281,False
person_3282,False
person_3283,False
person_3284,False
person_3285,False
person_3286,False
person_3287,True
person_3288,False
person_3289,False
person_3290,False
person_3291,False
person_3292,True
person_3293,False
person_3294,True
person_3295,False
person_3296,False
person_3297,False
person_3298,False
person_3299,True
person_3300,True
person_3301,False
person_3302,False
person_3303,False
person_3304,False
person_3305,False
person_3306,True
person_3307,True
person_3308,False
person_3309,True
person_3310,False
person_3311,True
person_3312,False
person_3313,False
person_3314,True
person_3315,True
person_3316,False
person_3317,False
person_3318,False
person_3319,False
person_3320,False
person_3321,True
person_3322,True
person_3323,False
person_3324,False
person_3325,False
person_3326,False
person_3327,False
person_3328,False
person_3329,False
person_3330,True
person_3331,True
person_3332,False
person_3333,False
person_3334,False
person_3335,False
person_3336,False
person_3337,False
person_3338,False
person_3339,True
person_3340,False
person_3341,True
person_3342,True
person_3343,False
person_3344,True
person_3345,False
person_3346,False
person_3347,True
person_3348,False
person_3349,False
person_3350,False
person_3351,True
person_3352,False
person_3353,False
person_3354,False
person_3355,False
person_3356,False
person_3357,False
person_3358,True
person_3359,False
person_3360,True
person_3361,False
person_3362,False
person_3363,True
person_3364,False
person_3365,False
person_3366,False
person_3367,False
person_3368,True
person_3369,True
person_3370,False
person_3371,False
person_3372,False
person_3373,False
person_3374,True
person_3375,True
person_3376,False
person_3377,False
person_3378,False
person_3379,False
person_3380,False
person_3381,True
person_3382,True
person_3383,False
person_3384,False
person_3385,True
person_3386,False
person_3387,False
person_3388,False
person_3389,False
person_3390,True
person_3391,False
person_3392,False
person_3393,True
person_3394,True
person_3395,False
person_3396,True
person_3397,False
person_3398,False
person_3399,False
person_3400,True
person_3401,False
person_3402,False
person_3403,False
person_3404,True
person_3405,False
person_3406,False
person_3407,True
person_3408,False
person_3409,False
person_3410,False
person_3411,False
person_3412,False
person_3413,False
person_3414,False
person_3415,False
person_3416,False
person_3417,False
person_3418,False
person_3419,False
person_3420,False
person_3421,False
person_3422,True
person_3423,False
person_3424,False
person_3425,False
person_3426,True
person_3427,False
person_3428,True
person_3429,False
person_3430,False
person_3431,False
person_3432,False
person_3433,False
person_3434,False
person_3435,False
person_3436,True
person_3437,True
person_3438,False
person_3439,False
person_3440,False
person_3441,False
person_3442,True
person_3443,True
person_3444,False
person_3445,False
person_3446,False
person_3447,False
person_3448,False
person_3449,False
person_3450,True
person_3451,False
person_3452,False
person_3453,False
person_3454,True
person_3455,False
person_3456,False
person_3457,False
person_3458,False
person_3459,False
person_3460,False
person_3461,False
person_3462,True
person_3463,False
person_3464,False
person_3465,False
person_3466,False
person_3467,False
person_3468,False
person_3469,False
person_3470,True
person_3471,True
person_3472,False
person_3473,True
person_3474,True
person_3475,False
person_3476,True
person_3477,False
person_3478,False
person_3479,True
person_3480,False
person_3481,False
person_3482,False
person_3483,False
person_3484,False
person_3485,False
person_3486,False
person_3487,False
person_3488,True
person_3489,False
person_3490,False
person_3491,False
person_3492,False
person_3493,False
person_3494,False
person_3495,False
person_3496,False
person_3497,False
person_3498,False
person_3499,False
person_3500,False
person_3501,False
person_3502,False
person_3503,True
person_3504,False
person_3505,False
person_3506,False
person_3507,True
person_3508,False
person_3509,False
person_3510,False
person_3511,True
person_3512,False
person_3513,False
person_3514,True
person_3515,False
person_3516,False
person_3517,True
person_3518,False
person_3519,False
person_3520,True
person_3521,False
person_3522,False
person_3523,False
person_3524,False
person_3525,True
person_3526,False
person_3527,True
person_3528,True
person_3529,False
person_3530,False
person_3531,False
person_3532,False
person_3533,False
person_3534,False
person_3535,False
person_3536,False
person_3537,False
person_3538,False
person_3539,True
person_3540,False
person_3541,False
person_3542,False
person_3543,False
person_3544,False
person_3545,False
person_3546,True
person_3547,False
person_3548,False
person_3549,False
person_3550,False
person_3551,False
person_3552,True
person_3553,False
person_3554,True
person_3555,False
person_3556,False
person_3557,True
person_3558,False
person_3559,False
person_3560,True
person_3561,False
person_3562,False
person_3563,False
person_3564,True
person_3565,True
person_3566,False
person_3567,False
person_3568,False
person_3569,False
person_3570,False
person_3571,False
person_3572,False
person_3573,False
person_3574,True
person_3575,False
person_3576,False
person_3577,False
person_3578,False
person_3579,False
person_3580,True
person_3581,False
person_3582,True
person_3583,False
person_3584,False
person_3585,False
person_3586,True
person_3587,True
person_3588,False
person_3589,False
person_3590,False
person_3591,False
person_3592,False
person_3593,True
person_3594,True
person_3595,True
person_3596,False
person_3597,True
person_3598,False
person_3599,False
person_3600,True
person_3601,True
person_3602,True
person_3603,False
person_3604,False
person_3605,True
person_3606,False
person_3607,True
person_3608,True
person_3609,True
person_3610,False
person_3611,True
person_3612,False
person_3613,False
person_3614,True
person_3615,False
person_3616,False
person_3617,False
person_3618,False
person_3619,False
person_3620,False
person_3621,False
person_3622,False
person_3623,True
person_3624,False
person_3625,False
person_3626,True
person_3627,True
person_3628,True
person_3629,True
person_3630,False
person_3631,False
person_3632,False
person_3633,True
person_3634,False
person_3635,False
person_3636,False
person_3637,True
person_3638,False
person_3639,False
person_3640,False
person_3641,False
person_3642,False
person_3643,True
person_3644,True
person_3645,False
person_3646,False
person_3647,False
person_3648,False
person_3649,False
person_3650,False
person_3651,True
person_3652,False
person_3653,False
person_3654,True
person_3655,False
person_3656,False
person_3657,True
person_3658,False
person_3659,False
person_3660,False
person_3661,False
person_3662,False
person_3663,False
person_3664,True
person_3665,False
person_3666,False
person_3667,False
person_3668,False
person_3669,True
person_3670,False
person_3671,False
person_3672,False
person_3673,True
person_3674,False
person_3675,True
person_3676,False
person_3677,False
person_3678,False
person_3679,False
person_3680,False
person_3681,True
person_3682,False
person_3683,False
person_3684,False
person_3685,False
person_3686,False
person_3687,False
person_3688,False
person_3689,False
person_3690,False
person_3691,False
person_3692,False
person_3693,False
person_3694,False
person_3695,True
person_3696,False
person_3697,True
person_3698,False
person_3699,False
person_3700,False
person_3701,False
person_3702,False
person_3703,False
person_3704,True
person_3705,False
person_3706,False
person_3707,False
person_3708,False
person_3709,False
person_3710,False
person_3711,True
person_3712,False
person_3713,True
person_3714,False
person_3715,False
person_3716,False
person_3717,True
person_3718,False
person_3719,False
person_3720,True
person_3721,False
person_3722,False
person_3723,True
person_3724,False
person_3725,False
person_3726,True
person_3727,True
person_3728,True
person_3729,False
person_3730,False
person_3731,True
person_3732,False
person_3733,True
person_3734,True
person_3735,False
person_3736,False
person_3737,False
person_3738,True
person_3739,False
person_3740,True
person_3741,False
person_3742,False
person_3743,False
person_3744,False
person_3745,False
person_3746,False
person_3747,False
person_3748,False
person_3749,False
person_3750,True
person_3751,False
person_3752,True
person_3753,False
person_3754,False
person_3755,True
person_3756,True
person_3757,False
person_3758,False
person_3759,False
person_3760,False
person_3761,True
person_3762,False
person_3763,False
person_3764,True
person_3765,False
person_3766,False
person_3767,True
person_3768,False
person_3769,True
person_3770,True
person_3771,False
person_3772,True
person_3773,False
person_3774,False
person_3775,False
person_3776,False
person_3777,True
person_3778,False
person_3779,False
person_3780,False
person_3781,True
person_3782,False
person_3783,False
person_3784,False
person_3785,False
person_3786,False
person_3787,True
person_3788,False
person_3789,False
person_3790,False
person_3791,False
person_3792,False
person_3793,True
person_3794,True
person_3795,False
person_3796,False
person_3797,False
person_3798,True
person_3799,False
person_3800,True
person_3801,True
person_3802,True
person_3803,False
person_3804,False
person_3805,False
person_3806,True
person_3807,False
person_3808,True
person_3809,True
person_3810,False
person_3811,False
person_3812,False
person_3813,False
person_3814,False
person_3815,False
person_3816,False
person_3817,False
person_3818,True
person_3819,False
person_3820,True
person_3821,False
person_3822,False
person_3823,True
person_3824,False
person_3825,False
person_3826,False
person_3827,False
person_3828,False
person_3829,False
person_3830,False
person_3831,False
person_3832,True
person_3833,False
person_3834,False
person_3835,False
person_3836,False
person_3837,False
person_3838,False
person_3839,True
person_3840,False
person_3841,True
person_3842,True
person_3843,True
person_3844,True
person_3845,False
person_3846,False
person_3847,False
person_3848,False
person_3849,True
person_3850,False
person_3851,False
person_3852,False
person_3853,False
person_3854,True
person_3855,False
person_3856,False
person_3857,True
person_3858,False
person_3859,True
person_3860,False
person_3861,False
person_3862,False
person_3863,False
person_3864,False
person_3865,True
person_3866,True
person_3867,True
person_3868,False
person_3869,True
person_3870,False
person_3871,True
person_3872,True
person_3873,True
person_3874,True
person_3875,False
person_3876,True
person_3877,True
person_3878,False
person_3879,False
person_3880,False
person_3881,False
person_3882,True
person_3883,False
person_3884,False
person_3885,True
person_3886,False
person_3887,False
person_3888,True
person_3889,False
person_3890,False
person_3891,False
person_3892,False
person_3893,False
person_3894,False
person_3895,False
person_3896,False
person_3897,False
person_3898,True
person_3899,False
person_3900,False
person_3901,False
person_3902,False
person_3903,False
person_3904,False
person_3905,False
person_3906,False
person_3907,True
person_3908,True
person_3909,True
person_3910,True
person_3911,True
person_3912,True
person_3913,False
person_3914,False
person_3915,True
person_3916,True
person_3917,False
person_3918,False
person_3919,False
person_3920,False
person_3921,False
person_3922,True
person_3923,False
person_3924,False
person_3925,True
person_3926,False
person_3927,True
person_3928,False
person_3929,True
person_3930,True
person_3931,False
person_3932,True
person_3933,True
person_3934,True
person_3935,False
person_3936,False
person_3937,False
person_3938,False
person_3939,False
person_3940,False
person_3941,True
person_3942,False
person_3943,False
person_3944,False
person_3945,False
person_3946,False
person_3947,False
person_3948,False
person_3949,True
person_3950,False
person_3951,False
person_3952,False
person_3953,False
person_3954,False
person_3955,True
person_3956,True
person_3957,True
person_3958,False
person_3959,True
person_3960,True
person_3961,True
person_3962,False
person_3963,True
person_3964,False
person_3965,True
person_3966,False
person_3967,False
person_3968,False
person_3969,True
person_3970,False
person_3971,False
person_3972,True
person_3973,False
person_3974,False
person_3975,False
person_3976,True
person_3977,False
person_3978,False
person_3979,False
person_3980,False
person_3981,False
person_3982,False
person_3983,True
person_3984,True
person_3985,False
person_3986,False
person_3987,False
person_3988,False
person_3989,True
person_3990,False
person_3991,False
person_3992,False
person_3993,False
person_3994,True
person_3995,False
person_3996,True
person_3997,False
person_3998,False
person_3999,True
person_4000,False
person_4001,False
person_4002,False
person_4003,False
person_4004,False
person_4005,False
person_4006,False
person_4007,False
person_4008,False
person_4009,False
person_4010,False
person_4011,False
person_4012,False
person_4013,False
person_4014,False
person_4015,False
person_4016,False
person_4017,False
person_4018,False
person_4019,False
person_4020,False
person_4021,False
person_4022,True
person_4023,True
person_4024,False
person_4025,False
person_4026,False
person_4027,True
person_4028,False
person_4029,False
person_4030,False
person_4031,False
person_4032,True
person_4033,True
person_4034,False
person_4035,True
person_4036,False
person_4037,False
person_4038,True
person_4039,False
person_4040,False
person_4041,False
person_4042,True
person_4043,False
person_4044,False
person_4045,False
person_4046,False
person_4047,False
person_4048,False
person_4049,False
person_4050,False
person_4051,True
person_4052,False
person_4053,True
person_4054,True
person_4055,False
person_4056,True
person_4057,False
person_4058,False
person_4059,False
person_4060,False
person_4061,False
person_4062,True
person_4063,True
person_4064,True
person_4065,True
person_4066,False
person_4067,True
person_4068,False
person_4069,False
person_4070,True
person_4071,False
person_4072,True
person_4073,False
person_4074,False
person_4075,False
person_4076,False
person_4077,False
person_4078,True
person_4079,True
person_4080,True
person_4081,False
person_4082,False
person_4083,False
person_4084,False
person_4085,False
person_4086,False
person_4087,False
person_4088,False
person_4089,True
person_4090,False
person_4091,False
person_4092,False
person_4093,False
person_4094,False
person_4095,False
person_4096,False
person_4097,False
person_4098,True
person_4099,False
person_4100,False
person_4101,False
person_4102,False
person_4103,False
person_4104,False
person_4105,False
person_4106,False
person_4107,True
person_4108,True
person_4109,False
person_4110,False
person_4111,True
person_4112,True
person_4113,False
person_4114,False
person_4115,False
person_4116,False
person_4117,False
person_4118,False
person_4119,True
person_4120,False
person_4121,True
person_4122,False
person_4123,False
person_4124,False
person_4125,False
person_4126,False
person_4127,False
person_4128,False
person_4129,True
person_4130,False
person_4131,False
person_4132,True
person_4133,False
person_4134,True
person_4135,True
person_4136,False
person_4137,True
person_4138,False
person_4139,True
person_4140,False
person_4141,False
person_4142,False
person_4143,False
person_4144,False
person_4145,False
person_4146,True
person_4147,False
person_4148,False
person_4149,True
person_4150,False
person_4151,False
person_4152,True
person_4153,True
person_4154,False
person_4155,False
person_4156,True
person_4157,False
person_4158,True
person_4159,False
person_4160,False
person_4161,False
person_4162,False
person_4163,False
person_4164,False
person_4165,True
person_4166,False
person_4167,False
person_4168,False
person_4169,False
person_4170,True
person_4171,False
person_4172,False
person_4173,False
person_4174,False
person_4175,False
person_4176,True
person_4177,False
person_4178,True
person_4179,False
person_4180,True
person_4181,False
person_4182,True
person_4183,False
person_4184,False
person_4185,False
person_4186,False
person_4187,False
person_4188,False
person_4189,False
person_4190,False
person_4191,False
person_4192,False
person_4193,False
person_4194,False
person_4195,False
person_4196,True
person_4197,False
person_4198,False
person_4199,True
person_4200,False
person_4201,False
person_4202,True
person_4203,False
person_4204,False
person_4205,False
person_4206,True
person_4207,False
person_4208,False
person_4209,True
person_4210,False
person_4211,False
person_4212,True
person_4213,False
person_4214,False
person_4215,True
person_4216,False
person_4217,False
person_4218,False
person_4219,False
person_4220,False
person_4221,False
person_4222,False
person_4223,False
person_4224,False
person_4225,False
person_4226,False
person_4227,False
person_4228,False
person_4229,True
person_4230,True
person_4231,False
person_4232,False
person_4233,False
person_4234,False
person_4235,False
person_4236,False
person_4237,True
person_4238,False
person_4239,False
person_4240,False
person_4241,False
person_4242,False
person_4243,True
person_4244,False
person_4245,False
person_4246,False
person_4247,False
person_4248,False
person_4249,False
person_4250,False
person_4251,False
person_4252,True
person_4253,False
person_4254,True
person_4255,False
person_4256,True
person_4257,False
person_4258,True
person_4259,True
person_4260,False
person_4261,True
person_4262,True
person_4263,True
person_4264,False
person_4265,True
person_4266,True
person_4267,False
person_4268,True
person_4269,False
person_4270,False
person_4271,False
person_4272,False
person_4273,False
person_4274,False
person_4275,False
person_4276,True
person_4277,False
person_4278,False
person_4279,False
person_4280,False
person_4281,False
person_4282,False
person_4283,True
person_4284,False
person_4285,False
person_4286,True
person_4287,False
person_4288,False
person_4289,True
person_4290,False
person_4291,False
person_4292,False
person_4293,False
person_4294,False
person_4295,True
person_4296,False
person_4297,False
person_4298,False
person_4299,False
person_4300,False
person_4301,False
person_4302,False
person_4303,False
person_4304,True
person_4305,False
person_4306,True
person_4307,True
person_4308,True
person_4309,False
person_4310,False
person_4311,False
person_4312,False
person_4313,False
person_4314,False
person_4315,False
person_4316,False
person_4317,True
person_4318,False
person_4319,True
person_4320,True
person_4321,False
person_4322,False
person_4323,False
person_4324,True
person_4325,False
person_4326,False
person_4327,False
person_4328,False
person_4329,False
person_4330,False
person_4331,False
person_4332,False
person_4333,True
person_4334,False
person_4335,False
person_4336,False
person_4337,False
person_4338,True
person_4339,False
person_4340,False
person_4341,False
person_4342,True
person_4343,False
person_4344,False
person_4345,False
person_4346,True
person_4347,False
person_4348,False
person_4349,False
person_4350,False
person_4351,False
person_4352,False
person_4353,True
person_4354,False
person_4355,True
person_4356,False
person_4357,False
person_4358,True
person_4359,False
person_4360,False
person_4361,False
person_4362,False
person_4363,True
person_4364,False
person_4365,True
person_4366,False
person_4367,False
person_4368,True
person_4369,False
person_4370,True
person_4371,False
person_4372,False
person_4373,False
person_4374,False
person_4375,False
person_4376,True
person_4377,True
person_4378,True
person_4379,False
person_4380,False
person_4381,False
person_4382,False
person_4383,True
person_4384,True
person_4385,False
person_4386,True
person_4387,False
person_4388,False
person_4389,True
person_4390,False
person_4391,False
person_4392,False
person_4393,False
person_4394,True
person_4395,False
person_4396,True
person_4397,False
person_4398,True
person_4399,False
person_4400,False
person_4401,False
person_4402,True
person_4403,False
person_4404,True
person_4405,True
person_4406,False
person_4407,True
person_4408,False
person_4409,True
person_4410,False
person_4411,True
person_4412,False
person_4413,True
person_4414,False
person_4415,True
person_4416,True
person_4417,True
person_4418,False
person_4419,False
person_4420,False
person_4421,False
person_4422,False
person_4423,False
person_4424,False
person_4425,True
person_4426,False
person_4427,False
person_4428,False
person_4429,False
person_4430,True
person_4431,False
person_4432,False
person_4433,False
person_4434,False
person_4435,False
person_4436,True
person_4437,True
person_4438,False
person_4439,True
person_4440,False
person_4441,False
person_4442,False
person_4443,True
person_4444,False
person_4445,True
person_4446,False
person_4447,False
person_4448,False
person_4449,False
person_4450,False
person_4451,False
person_4452,False
person_4453,False
person_4454,False
person_4455,False
person_4456,True
person_4457,False
person_4458,False
person_4459,False
person_4460,False
person_4461,False
person_4462,True
person_4463,False
person_4464,False
person_4465,True
person_4466,False
person_4467,False
person_4468,False
person_4469,True
person_4470,False
person_4471,False
person_4472,False
person_4473,False
person_4474,True
person_4475,False
person_4476,False
person_4477,False
person_4478,False
person_4479,False
person_4480,False
person_4481,True
person_4482,False
person_4483,False
person_4484,False
person_4485,False
person_4486,False
person_4487,False
person_4488,False
person_4489,False
person_4490,False
person_4491,False
person_4492,False
person_4493,False
person_4494,False
person_4495,False
person_4496,False
person_4497,False
person_4498,False
person_4499,False
person_4500,False
person_4501,True
person_4502,False
person_4503,False
person_4504,True
person_4505,False
person_4506,False
person_4507,False
person_4508,True
person_4509,False
person_4510,False
person_4511,False
person_4512,False
person_4513,False
person_4514,False
person_4515,False
person_4516,True
person_4517,False
person_4518,False
person_4519,False
person_4520,False
person_4521,False
person_4522,False
person_4523,False
person_4524,False
person_4525,False
person_4526,True
person_4527,True
person_4528,False
person_4529,False
person_4530,True
person_4531,False
person_4532,False
person_4533,False
person_4534,False
person_4535,False
person_4536,True
person_4537,True
person_4538,False
person_4539,True
person_4540,False
person_4541,False
person_4542,False
person_4543,False
person_4544,False
person_4545,True
person_4546,False
person_4547,True
person_4548,True
person_4549,False
person_4550,False
person_4551,False
person_4552,False
person_4553,False
person_4554,False
person_4555,False
person_4556,False
person_4557,False
person_4558,False
person_4559,False
person_4560,False
person_4561,False
person_4562,False
person_4563,False
person_4564,True
person_4565,False
person_4566,True
person_4567,True
person_4568,True
person_4569,False
person_4570,False
person_4571,False
person_4572,False
person_4573,False
person_4574,False
person_4575,True
person_4576,True
person_4577,False
person_4578,True
person_4579,True
person_4580,True
person_4581,True
person_4582,True
person_4583,False
person_4584,False
person_4585,False
person_4586,True
person_4587,True
person_4588,True
person_4589,False
person_4590,False
person_4591,False
person_4592,False
person_4593,False
person_4594,True
person_4595,True
person_4596,False
person_4597,False
person_4598,True
person_4599,False
person_4600,False
person_4601,True
person_4602,False
person_4603,True
person_4604,False
person_4605,True
person_4606,False
person_4607,False
person_4608,False
person_4609,True
person_4610,True
person_4611,False
person_4612,False
person_4613,False
person_4614,False
person_4615,False
person_4616,False
person_4617,False
person_4618,False
person_4619,True
person_4620,True
person_4621,False
person_4622,True
person_4623,False
person_4624,False
person_4625,False
person_4626,True
person_4627,False
person_4628,True
person_4629,True
person_4630,False
person_4631,False
person_4632,False
person_4633,False
person_4634,False
person_4635,False
person_4636,False
person_4637,True
person_4638,True
person_4639,False
person_4640,False
person_4641,True
person_4642,False
person_4643,False
person_4644,True
person_4645,False
person_4646,False
person_4647,False
person_4648,False
person_4649,False
person_4650,False
person_4651,False
person_4652,True
person_4653,False
person_4654,True
person_4655,True
person_4656,False
person_4657,True
person_4658,False
person_4659,True
person_4660,True
person_4661,False
person_4662,True
person_4663,True
person_4664,True
person_4665,False
person_4666,False
person_4667,True
person_4668,True
person_4669,True
person_4670,True
person_4671,False
person_4672,False
person_4673,False
person_4674,False
person_4675,True
person_4676,False
person_4677,False
person_4678,False
person_4679,False
person_4680,False
person_4681,False
person_4682,False
person_4683,False
person_4684,True
person_4685,False
person_4686,False
person_4687,False
person_4688,True
person_4689,False
person_4690,False
person_4691,False
person_4692,True
person_4693,False
person_4694,False
person_4695,False
person_4696,False
person_4697,False
person_4698,False
person_4699,False
person_4700,True
person_4701,True
person_4702,False
person_4703,False
person_4704,False
person_4705,False
person_4706,False
person_4707,True
person_4708,False
person_4709,True
person_4710,True
person_4711,False
person_4712,False
person_4713,False
person_4714,False
person_4715,False
person_4716,True
person_4717,True
person_4718,False
person_4719,False
person_4720,True
person_4721,False
person_4722,False
person_4723,True
person_4724,False
person_4725,False
person_4726,False
person_4727,False
person_4728,False
person_4729,True
person_4730,True
person_4731,False
person_4732,False
person_4733,False
person_4734,False
person_4735,False
person_4736,False
person_4737,False
person_4738,True
person_4739,False
person_4740,False
person_4741,False
person_4742,False
person_4743,False
person_4744,False
person_4745,False
person_4746,False
person_4747,False
person_4748,True
person_4749,False
person_4750,True
person_4751,False
person_4752,False
person_4753,True
person_4754,True
person_4755,False
person_4756,False
person_4757,False
person_4758,False
person_4759,False
person_4760,False
person_4761,False
person_4762,True
person_4763,False
person_4764,False
person_4765,True
person_4766,False
person_4767,False
person_4768,True
person_4769,False
person_4770,False
person_4771,False
person_4772,True
person_4773,True
person_4774,False
person_4775,False
person_4776,True
person_4777,False
person_4778,False
person_4779,False
person_4780,False
person_4781,False
person_4782,True
person_4783,True
person_4784,False
person_4785,False
person_4786,False
person_4787,False
person_4788,False
person_4789,True
person_4790,False
person_4791,False
person_4792,True
person_4793,False
person_4794,False
person_4795,False
person_4796,False
person_4797,False
person_4798,False
person_4799,False
person_4800,True
person_4801,False
person_4802,False
person_4803,True
person_4804,False
person_4805,False
person_4806,False
person_4807,True
person_4808,False
person_4809,False
person_4810,False
person_4811,False
person_4812,True
person_4813,False
person_4814,True
person_4815,True
person_4816,False
person_4817,False
person_4818,False
person_4819,True
person_4820,False
person_4821,False
person_4822,False
person_4823,False
person_4824,True
person_4825,True
person_4826,True
person_4827,True
person_4828,False
person_4829,False
person_4830,True
person_4831,False
person_4832,True
person_4833,False
person_4834,False
person_4835,True
person_4836,False
person_4837,True
person_4838,False
person_4839,False
person_4840,True
person_4841,True
person_4842,True
person_4843,False
person_4844,True
person_4845,False
person_4846,False
person_4847,False
person_4848,False
person_4849,False
person_4850,False
person_4851,False
person_4852,False
person_4853,False
person_4854,True
person_4855,True
person_4856,False
person_4857,False
person_4858,False
person_4859,True
person_4860,False
person_4861,False
person_4862,False
person_4863,False
person_4864,True
person_4865,False
person_4866,True
person_4867,True
person_4868,True
person_4869,False
person_4870,False
person_4871,False
person_4872,True
person_4873,False
person_4874,False
person_4875,True
person_4876,False
person_4877,False
person_4878,False
person_4879,False
person_4880,True
person_4881,False
person_4882,False
person_4883,False
person_4884,False
person_4885,True
person_4886,True
person_4887,True
person_4888,False
person_4889,False
person_4890,False
person_4891,False
person_4892,False
person_4893,False
person_4894,False
person_4895,False
person_4896,False
person_4897,False
person_4898,False
person_4899,False
person_4900,False
person_4901,False
person_4902,False
person_4903,True
person_4904,False
person_4905,True
person_4906,False
person_4907,True
person_4908,False
person_4909,False
person_4910,False
person_4911,False
person_4912,False
person_4913,False
person_4914,False
person_4915,True
person_4916,False
person_4917,False
person_4918,False
person_4919,False
person_4920,False
person_4921,False
person_4922,False
person_4923,True
person_4924,False
person_4925,False
person_4926,False
person_4927,False
person_4928,False
person_4929,False
person_4930,False
person_4931,False
person_4932,False
person_4933,False
person_4934,True
person_4935,False
person_4936,False
person_4937,False
person_4938,True
person_4939,False
person_4940,True
person_4941,False
person_4942,True
person_4943,True
person_4944,False
person_4945,True
person_4946,False
person_4947,False
person_4948,True
person_4949,True
person_4950,False
person_4951,False
person_4952,False
person_4953,False
person_4954,False
person_4955,True
person_4956,False
person_4957,False
person_4958,False
person_4959,False
person_4960,False
person_4961,True
person_4962,False
person_4963,False
person_4964,False
person_4965,True
person_4966,True
person_4967,True
person_4968,False
person_4969,True
person_4970,False
person_4971,True
person_4972,False
person_4973,False
person_4974,True
person_4975,False
person_4976,False
person_4977,False
person_4978,False
person_4979,False
person_4980,False
person_4981,False
person_4982,False
person_4983,True
person_4984,True
person_4985,False
person_4986,False
person_4987,False
person_4988,False
person_4989,True
person_4990,False
person_4991,True
person_4992,False
person_4993,False
person_4994,True
person_4995,False
person_4996,True
person_4997,False
person_4998,False
person_4999,True
